{"loss": [0.5711193680763245, 0.33195409178733826, 0.21698994934558868, 0.1446293741464615, 0.1166238933801651], "accuracy": [0.6939244866371155, 0.8635467886924744, 0.9205254316329956, 0.951067328453064, 0.9591132998466492], "val_loss": [0.44280892610549927, 0.4562141001224518, 0.5203437209129333, 0.6192216277122498, 0.7314479351043701], "val_accuracy": [0.810899555683136, 0.794484555721283, 0.7682206034660339, 0.8056467771530151, 0.7682206034660339]}