{"results": [{"model": "LSTM_baseline", "val_accuracy": 0.8036769533814839, "val_f1_macro": 0.7948450064491481}, {"model": "LSTM_tuned", "val_accuracy": 0.7984241628365069, "val_f1_macro": 0.7866348143736894}, {"model": "GRU_model", "val_accuracy": 0.8200919238345371, "val_f1_macro": 0.8128797988276906}], "histories": {"LSTM_baseline": {"loss": [0.5881044864654541, 0.34445828199386597, 0.21646735072135925], "accuracy": [0.6788177490234375, 0.8622331619262695, 0.9220032691955566], "val_loss": [0.44199976325035095, 0.44926923513412476, 0.5019128918647766], "val_accuracy": [0.803676962852478, 0.8141825199127197, 0.7918581962585449]}, "LSTM_tuned": {"loss": [0.5913940072059631, 0.3409615159034729, 0.22163890302181244], "accuracy": [0.6811165809631348, 0.8648604154586792, 0.9175698161125183], "val_loss": [0.4429510533809662, 0.4725930094718933, 0.4881220757961273], "val_accuracy": [0.7984241843223572, 0.8017071485519409, 0.8168089389801025]}, "GRU_model": {"loss": [0.5891506671905518, 0.3433748185634613, 0.21286563575267792, 0.15227028727531433], "accuracy": [0.6756978631019592, 0.8569786548614502, 0.9215106964111328, 0.9449917674064636], "val_loss": [0.44113221764564514, 0.43891915678977966, 0.5644018054008484, 0.5965240597724915], "val_accuracy": [0.7984241843223572, 0.8200919032096863, 0.7695338129997253, 0.7925148010253906]}}, "best_model": "GRU_model"}